Alpha,Beta,Gamma,MAP@20,NDCG@20
1,1,0,0.61220386940201,0.7228046222870433
0.5,0.5,0,0.6122038694020099,0.7228046222870433
1,0.5,0,0.6122038694020098,0.7228046222870433
