Alpha,Beta,Gamma,MAP@20,NDCG@20
1,1,0.5,0.6122038694020124,0.7228046222870433
0.5,0.5,0.5,0.6122038694020109,0.7228046222870433
1,0.5,0,0.6122038694020103,0.7228046222870433
