Alpha,Beta,Gamma,MAP@20,NDCG@20
1,1,0,0.5721531489738411,0.6755183385860217
0.5,0.5,0,0.47092605338616145,0.5560035556054179
1,0.5,0,0.5101698911683415,0.6023371852392028
