Alpha,Beta,Gamma,MAP@20,NDCG@20
1,1,0.5,0.6122038694020124,0.7228046222870433
0.5,0.5,0.5,0.5565489721836462,0.6570951111700394
1,0.5,0,0.6244479467900506,0.7372607147327842
